part_number,name,description
1,"Highway 150, Mirror Lake Scenic Byway","PART 1: HIGHWAY 150, MIRROR LAKE SCENIC BYWAY 
 
 
 

 
 
 
 
 PART 1: HIGHWAY 150, MIRROR LAKE SCENIC BYWAY 
 

 When most Utahns talk about heading up to the Uintas, they’re referring to the Western Uintas, accessed from the Mirror Lake Scenic Byway. That’s because the area is little more than an hour and a half from downtown Salt Lake City to some of the closest trailheads. You’ll spend much more time getting the car packed than driving. One translation: Many of these hikes are immensely popular, as evidenced by the U.S. Forest Service’s ongoing effort to expand or improve parking access. When this alluring accessibility combines with the high-elevation destination’s limited hiking season, it’s no wonder campsites and parking spots fill up fast. But there’s still room to spread out along the 42-mile highway on these trails or others not covered by this guide. After exploring or fishing some of the roadside lakes or hiking Bald Mountain, the solitude-seeker need only set out on a short hike in almost any direction and backpackers will have countless options for pitching a tent far from the crowds. A recreation fee applies to the Mirror Lake Scenic Byway corridor—look for self-service fee tubes—or have your America the Beautiful pass handy (this federal recreation pass covers standard day-use fees at national forests).



 

 Views from the rough Upper Setting Road reach out across the high-elevation Mirror Lake Scenic Byway and northeast into the High Uintas Wilderness."
2,U.S. 40 to the South Slope,"PART 2: U.S. 40 TO THE SOUTH SLOPE 
 
 
 

 
 
 
 PART 2: U.S. 40 TO THE SOUTH SLOPE 
 
 The South Slope is characterized by large, steep drainages that lead to high meadows above timberline. More than two-thirds of the High Uintas lie on the South Slope, so it’s only natural that the majority of the lakes are on this side as well. The hikes can be long, if that’s what you are looking for. There are many routes that can be combined to make up a 50-mile excursion—these long, long trails are extremely popular for pack trips on horseback, a fact you’re sure to notice on the trails.



 Access to the South Slope can be tricky. Driving along U.S. 40, the peaks of the High Uintas begin to rise 25 miles or more to the north. The winding, mostly unpaved roads that climb the drainages and canyon slopes range from recently graded routes passable by most vehicles to rocky and rutted paths that will be slow going or require a high-clearance vehicle. And pay attention to your map: GPS may attempt to send you down ATV trails.



 While not every trailhead is covered in this section (and certainly not every hike), these chapters will lead you up into the vast South Slope of Utah’s High Uintas to access to all the hiking, camping, fishing, and other outdoor recreation you desire.



 

 A lot of water comes off the South Slope of the Uintas, including the Uinta River pictured here. Hikers have the choice of several drainages to follow deep into the wilderness."
3,I-80 to the North Slope,"PART 3: I-80 TO THE NORTH SLOPE 
 
 
 

 
 
 
 PART 3: I-80 TO THE NORTH SLOPE 
 
 There are a series of unpaved, though typically well-maintained, roads running west to east along much of the North Slope that are often collectively known as the North Slope Road. Yet for adventurers heading to the Uintas from Utah and Wyoming, a large portion of the North Slope can be reached via I-80 and the Fort Bridger exit to Mountain View. The North Slope is heavily wooded and wetter than the South Slope. While some hikes are shorter and not as steep as the South Slope, there’s plenty of elevation, distance, and some of the range’s most scenic destinations to keep people entertained for hours or days.



 With the exception of a couple of key trailheads, crowds are sometimes lighter on the North Slope. That said, the line between the North Slope and South Slope passes many drivers by without notice on Highway 150—though it draws a sharp line between drainages. (Hikes 1 through 20 in Part 1 fall on the South Slope and 21 through 32 are on the North Slope.) The divide is easily identified on the trail, of course, as it takes the form of named mountain passes that may be the most difficult part of your journey. The westernmost hikes in this section are also accessible from Highway 150. Road access can be problematic on some drainages, and 4WD is recommended for some trailheads."
