name,region_part,description,maps
Bald Mountain Pass,1,"For peak baggers, the Uinta Mountains present an array of remote, rocky scrambles that are slow-going and simply not advisable for many casual hikers. While Bald Mountain has its fair share of loose scree and ankle-twisting potential, it is one peak many visitors to Utah’s Uintas can bag. One reason is access: The beautiful, paved Mirror Lake Scenic Byway climbs Bald Mountain Pass, taking drivers above 10,700 feet. That leaves barely 1,200 feet for the hike itself. From the same trailhead, hikers can descend the North Slope to Notch Lake or drive about 1 mile over the pass to the Fehr Lake trailhead for another popular, family-friendly option.

Trail contacts: Uinta-Wasatch-Cache National Forest, Forest Supervisor, 857 West South Jordan Pkwy., South Jordan, UT 84095; Kamas Ranger District, 50 East Center St., Kamas, UT 84036, (435) 783-4338

From Kamas, take the Mirror Lake Scenic Byway (Highway 150) 30 miles to Bald Mountain overlook. About 0.5 mile north of the overlook is the left turn to Bald Mountain. Bald Mountain has space for twenty-five cars and offers picnic tables and toilets. No water is available. Bald Mountain trailhead is heavily used by hikers making the 2.5-mile trek to the top of Bald Mountain, where you can peer into four major drainages. For Fehr Lake, continue 1.3 miles over the pass to the trailhead parking lot on the right. If you pass Moosehorn Lake, you’ve gone a little too far.

Bald Mountain Pass is the highest point on the Mirror Lake Scenic Byway and the highest paved road in Utah.","USGS Mirror Lake, USDA Forest Service High Uintas Wilderness , Trails Illustrated High Uintas Wilderness"
Center Park Trailhead,2,"If trucks hauling fifth wheels and horse trailers can navigate the narrow, rocky road called Hells Canyon to Center Park trailhead, surely anyone can make it, right? Not so fast. Literally, don’t go fast if you’re in a lower-clearance vehicle or there is any doubt about the condition of your tires.

Once at the trailhead, enjoy a wide-open parking area (where I left a Redington fly rod) and your choice of a couple of unique out-and-back trail options: the rolling terrain of Spider Lake or the down-then-up and varied terrain of Toquer. Fish Creek National Recreation Trail also branches off from Center Park, though it’s more commonly explored from the Moon Lake Dam side, near Lake Fork trailhead.

Trail contacts: Ashley National Forest, Forest Supervisor, 355 North Vernal Ave., Vernal, UT 84078, (435) 781-1181; Duchesne Ranger District, 85 West Main, Duchesne, UT 84021, (435) 738-2482

From Heber City, take US 40 east 69 miles to Duchesne. Turn north on SR 87 and travel 14 miles to Mountain Home. Follow Moon Lake Road north 4 miles to where Yellowstone River Road intersects on the east side. From this point, follow Yellowstone River Road another 4 miles to Hells Canyon Road. Center Park trailhead is 7 miles northwest up Hells Canyon Road.

Center Park has room for fifteen vehicles to park and has an information board and a vault toilet. Hells Canyon Road fits its name perfectly—it is a road from hell. It is well defined but steep and very rocky. A high-clearance vehicle is recommended, and the road may require four-wheel drive when wet. But Subarus and other passenger vehicles with good tires should be able to make the trip much of the time.

The trail to Fish Creek also leads to the fork to Toquer Lake. A separate trail heads due north to Spider Lake.","USGS Garfield Basin, USDA Forest Service High Uintas Wilderness , Trails Illustrated High Uintas Wilderness"
Chepeta Trailhead,2,"It’s remarkable how far into the Uinta Mountains FR 110 reaches. Where it terminates at the rocky-shored Chepeta Lake, the road hits the Highline Trail, the range’s famously high-elevation and remote point-to-point route. For that reason, Chepeta makes for an alternate starting point to Highline or a resupply stop. Friends or Trail Angels have been known to leave non-perishable, nutrient-dense foods sealed in plastic bags inside the vault restroom.

At 10,568 feet, Chepeta Lake is just south and east of the designated High Uintas Wilderness boundary, and only 3.5 miles as the crow flies from the North Slope’s Spirit Lake—but it’d be a 14-mile hike over an 11,780-foot pass. There’s no campground, but there are a few lakes to fish—Chepeta is stocked with brook trout that are ideally pursued from rubber rafts—and a variety of hiking distances, not to mention the chance to hike Highline, even if only for a few miles. Chances are you’ll want to return for more.

Trail contacts: Ashley National Forest, Forest Supervisor, 355 North Vernal Ave., Vernal, UT 84078, (435) 781-1181

From Heber City, take US 40 east 99 miles to Roosevelt. Then take SR 121 north for 11 miles to Neola. Follow SR 121 east about 5 miles to a junction. From the junction, follow a paved road north 3 miles to the town of Whiterocks. Keep on the road, heading north for 4 miles to another junction. At this point, follow Road 117, which winds east then north 18 miles to Pole Creek Junction. Then take Road 110 about 11 miles north to the Chepeta Lake trailhead. There are ten parking spots, horse corrals, and vault restrooms.

A backpacker sets out on the 65-mile Highline Trail journey from Chepeta Trailhead to Hayden Peak.","USGS Chepeta Lake and USGS Paradise Park, USDA Forest Service High Uintas Wilderness , Trails Illustrated High Uintas Wilderness"
China Meadows Trailhead,3,"Though Highway 150 hikes described in Part I of this guide are some of the most accessible, China Meadows is a popular trailhead that is well worth the extra drive time and unpaved road travel to reach. There’s a small campground with a few reservable sites (plus dispersed sites near the trailhead) and nearby China Lake offers up arctic grayling, brook, and cutthroat trout. Carry cash for a trailhead fee.

Of course, those arriving from the north via Mountain View, Wyoming, will have noticed the multiple reservoirs, lakes, and campgrounds along the route pointing to the recreational appeal of this area. But for those who have come for the hiking, in addition to the excellent Hessie Lake and long-distance trek to the Highline Trail, the crown jewel of the Smiths Fork drainage is Red Castle Lake. At sunset, you’ll quickly understand how it got its name.

Trail contacts: Uinta-Wasatch-Cache National Forest, Forest Supervisor, 857 West South Jordan Pkwy., South Jordan, UT 84095; Mountain View Ranger District, 321 Highway 414, PO Box 129, Mountain View, WY 82939, (307) 782-6555

From Mountain View, take Highway 410 south about 6 miles to a junction. Then take Road 017 (CR 283), a well-maintained gravel road, south about 8.5 miles to a fork and continue onto Road 072, which meanders about 11 miles past Stateline Reservoir and multiple campgrounds to China Meadows.

The China Meadows trailhead has fifty parking places and offers campsites, toilets, corrals, and a stock ramp.

The East Fork Smith’s Fork winds through China Meadows on its path down the North Slope.","USGS Bridger Lake and USGS Mount Powell, USDA Forest Service High Uintas Wilderness , Trails Illustrated High Uintas Wilderness"
Christmas Meadows Trailhead,1,"Thanks to its glorious setting and access to incredible wilderness hikes, the Christmas Meadows area of the High Uintas inspires wonder and childlike delight in ways that have nothing to do with December 25. (Nor, it can be said, does the California prospector for whom the area was named inspire much either—but one can appreciate why he set up camp here for so long.) Pictures from the area are among the range’s most photogenic. The Stillwater Fork of the Bear River traces a sweeping meander through the green meadow of the wide glaciated valley. High mountain ridges run along both sides and appear to converge in the distance at the jagged Ostler Peak, whose 12,718 feet remain capped in snow deep into the year.

A small campground marks the end of the road. If you’re lucky enough to snag a campsite at Christmas Meadows, you won’t have a lot of company. Just eleven sites dot the small loop. But then, if you’ve come with a pack equipped for the backcountry (be it backpack or horseback), you won’t need a site. But you will need stamina: The hikes up here are long and, from the relatively low starting elevation of 8,800 feet, there’s a good amount of climbing.

Trail contacts: Uinta-Wasatch-Cache National Forest, Forest Supervisor, 857 West South Jordan Pkwy., South Jordan, UT 84095; Bear River Ranger Station, 32 miles south of Evanston, Wyoming, on the Mirror Lake Scenic Byway, (435) 642-6662

From Evanston, take the Mirror Lake Scenic Byway (Highway 150) south about 33 miles to the Christmas Meadows turnoff. Follow a good dirt road south about 4 miles to the trailhead.

Christmas Meadows has room for a couple dozen vehicles and a stock ramp. The nearby campgrounds have toilets and water. This popular trail leads into some of the most spectacular scenery in the High Uintas.

The Stillwater Fork of the Bear River winds through Christmas Meadows and up into the Middle Basin. PHOTO COURTESY UTAH OFFICE OF TOURISM/MORE THAN JUST PARKS","USGS Christmas Meadows and USGS Hayden Peak, USDA Forest Service High Uintas Wilderness , Trails Illustrated High Uintas Wilderness"
Crystal Lake Trailhead,1,"Crystal Lake is, simply put, a premier trailhead to the Western Uintas. Accessed via a short, mostly paved, spur off Highway 150, the trailhead is smack in the middle of Washington and Trial Lakes, both classic recreation destinations in the Uintas thanks to their easy access—which also makes them immensely popular. You’d be wise to reserve a campsite in the area or arrive early to get a spot in the parking lot for day hiking or backpacking, even though the Forest Service more than doubled parking in 2021.

From the trailhead, you have miles and miles of trails and cross-country routes to explore on the way to one of a dozen lakes—it’s no wonder the Forest Service calls one of the trails “Lakes Country.” Peak baggers with sure-footing and solid navigation skills could hop boulders and work their way up the scree of either Haystack Mountain or Mount Watson, though those are not covered in this book. If you’re an ambitious day hiker or backpacker with good wayfinding resources, consider continuing from Island Lake to Smith and Morehouse Reservoir.

Trail contacts: Uinta-Wasatch-Cache National Forest, Forest Supervisor, 857 West South Jordan Pkwy., South Jordan, UT 84095; Kamas Ranger District, 50 East Center St., Kamas, UT 84036, (435) 783-4338

From Kamas, take the Mirror Lake Scenic Byway (Highway 150) 27 miles to Trial Lake Campground. Exit left (west) onto a paved road, and travel about a mile to a fork in the road. Turn right (north) for another mile to the trailhead. This is very a popular trailhead, with room for 123 vehicles and nice toilet facilities. Water and other amenities can be found at Trial Lake Campground. Crystal Lake trail-head is the main takeoff point to many lakes only 1 to 5 miles away, including Wall, Ibantik, Meadow, Cliff, Watson, Clyde, Long, Island, Big Elk, Fire, Duck, Weir, and the breathtaking Lovenia.

The view north across Wall Lake to The Notch, a low pass through Notch Mountain to the North Slope","USGS Mirror Lake and USGS Erickson Basin, USDA Forest Service High Uintas Wilderness , Trails Illustrated High Uintas Wilderness"
East Fork Bear River Area,3,"It’s worth pausing to consider how far some of the water up here travels. While the main stem of the Bear River forms at the confluence of Stillwater Fork and Hayden Fork near the Stillwater Campground, the East Fork tributary to the Bear River joins just 3 miles north. As the crow flies, the Great Salt Lake is roughly 75 miles west of the East Fork Bear River trailhead, but the Bear River winds some 350 miles to the northernmost point of the Wasatch Mountains in southeastern Idaho before bending back south on its journey to Great Salt Lake. Though your journeys from the trailheads in this area will be much shorter, they can be no less epic. Stunning high-elevation lakes and designated Wilderness experiences await.

Trail contacts: Uinta-Wasatch-Cache National Forest, Forest Supervisor, 857 West South Jordan Pkwy., South Jordan, UT 84095; Bear River Ranger Station, 32 miles south of Evanston, Wyoming, on the Mirror Lake Scenic Byway, (435) 642-6662

From Evanston, take the Mirror Lake Scenic Byway (Highway 150) south about 30 miles to the East Fork of the Bear River turnoff. This road is often referred to as the North Slope Road. Follow this road east 1.5 miles to a junction. Take Road 059 south about 4 miles to East Fork Bear River trailhead. There’s a vault toilet and a few places to park around the loop. You may need a 4WD vehicle for the last mile when wet. At the time of printing, the Hinckley Scout Ranch, whose turnoff is about 0.25 mile before the East Fork Bear River trailhead, remained “temporarily closed,” with no recreation permitted. That closure blocks the best access to the Boundary Creek Trail to Scow Lake. (In a 4WD vehicle or ATV, hikers can access Boundary Creek from FR 120 or from Wolverine ATV trail 301.)

The trailhead to the East Fork Bear River area with some of the 2002 burn scar visible on the range","USGS Christmas Meadows and USGS Red Knob, USDA Forest Service High Uintas Wilderness , Trails Illustrated High Uintas Wilderness"
East Fork Blacks Fork Area,3,"Just as the previous chapters marveled at the path of the Bear River, this chapter pauses to appreciate the awesome source waters of the Blacks Fork. These waters travel the other way, east along the North Slope to its ultimate drainage into the Green River and Flaming Gorge Reservoir.

There are two area trailheads, one on the West Fork and one on the East Fork. Thanks to 5+ miles of tricky high-clearance road and a river crossing, the West Fork trailhead is not included in this book. (Though there’s great, easily accessible fishing at the confluence of the West Fork and East Fork found on this route.) At the East Fork Blacks Fork trailhead, you’re just a couple of miles from the High Uintas Wilderness, whether you set out to the south or to the east. Either way, this is truly a trailhead to the vastness of the range: The out-and-backs are substantial hikes and they’re connected to lengthy loops over high-mountain passes that can keep you deep in wilderness for days.

Trail contacts: Uinta-Wasatch-Cache National Forest, Forest Supervisor, 857 West South Jordan Pkwy., South Jordan, UT 84095; Bear River Ranger Station, 32 miles south of Evanston, Wyoming, on the Mirror Lake Scenic Byway, (435) 642-6662

From Evanston, take the Mirror Lake Scenic Byway (Highway 150) south about 30 miles to the East Fork of the Bear River turnoff. This road is often referred to as the North Slope Road. Follow this road east about 20 miles to a junction just past Lyman Lakes. Then take the south road (Road 065) just a little over 5 miles to East Fork Blacks Fork trailhead.

This trailhead has ten parking places at the upper trailhead and twenty at the lower trailhead. Good campsites and toilets are located at the upper trailhead. There is a bridge to cross the river to the east of the campground.

Scenic mountain landscape surrounds the East Fork of the Blacks Fork River.","USGS Mount Lovenia, USGS Bridger Lake, and USGS Mount Powell; USDA Forest Service High Uintas Wilderness ; Trails Illustrated High Uintas Wilderness"
Gardners Fork Area,1,"This book highlights three broad regions of Utah’s High Uintas based on the major roads that access them. Gardners Fork is an outlier. Weber Canyon Road heads east into the Uintas from the town of Oakley, which is 5.5 miles north of the Kamas turnoff to Highway 150. Weber Canyon Road accesses the stunning and popular Smith and Morehouse Reservoir. Trails leading from there also reach Erickson Basin and Lakes Country, previously covered. The area is some of the lowest-elevation terrain in the Uintas, at least at the starting point—and that’s still around 8,000 feet. Both trails covered here have around 2,300 feet in elevation gain.

Trail contacts: Uinta-Wasatch-Cache National Forest, Forest Supervisor, 857 West South Jordan Pkwy., South Jordan, UT 84095; Kamas Ranger District, 50 East Center St., Kamas, UT 84036, (435) 783-4338

From Oakley, head east on Weber River Road. Follow it about 11.7 miles until the pavement ends. The road forks there, and the main road swings to the right (south) toward Smith-Morehouse Reservoir. Don’t go that way. Stay on the dirt road that goes east through Thousand Peaks Ranch (the home of the 15,000-acre Park City Powder Cats). The Dry Fork trailhead is around the 7-mile mark of the dirt road; Gardners Fork trailhead will be on the left at around 8.4 miles.

To achieve Utah’s “Cutthroat Slam”—a fishing challenge to support conservation projects—anglers can pursue native Bonneville cutthroat trout in the Western Uintas. PHOTO BY MATT MCKELL/UTAH DIVISION OF WILDLIFE RESOURCES","USGS Erickson Basin and USGS Whitney Reservoir, USDA Forest Service High Uintas Wilderness , Trails Illustrated High Uintas Wilderness"
Grandview Trailhead,2,"Other than the westernmost reaches of the Uinta Mountains—the Mirror Lake Scenic Byway or East Weber Canyon Road to Smith and Morehouse—Grandview is the closest trailhead to the populous Wasatch Front and offers some of the best designated Wilderness access around. What does that mean? It means that after parking at the top of the rough Hades Canyon Road (following a short drive north from the beautiful Route 35 rather than U.S. 40), it’s only 0.2 mile to the High Uintas Wilderness.

Granted, some “gentle” switchbacks follow and there’s still over 900 feet of elevation gain over 2.5 miles, but then it’s an easy descent into the massive Grandaddy Basin where you’ll have your pick of more than two dozen named lakes near which to spread out, whether you set up a base camp at one lake and explore by day, or move from lake to lake over time. There are multiple loop options that are nearly half the distance of other South Slope loops.

Trail contacts: Ashley National Forest, Forest Supervisor, 355 North Vernal Ave., Vernal, UT 84078, (435) 781-1181; Duchesne Ranger District, 85 West Main, Duchesne, UT 84021, (435) 738-2482

From Heber City, take US 40 east to SR 208, which is about 6 miles east of Fruitland. Head north on SR 208 for 10 miles to SR 35. Follow SR 35 northwest 10 miles to Hanna. From Hanna, follow a dirt road, FR 144, 11 miles northwest to Hades Campground. Stay on the same road another 0.5 mile to a junction. One road takes off to Mill Flat (Iron Mine campground); the other road, FR 315, ventures right (northeast) about 5 steep, rocky miles to Grandview trailhead—it will be slow going for low-clearance vehicles.

Grandview trailhead has at least fifty parking places that, despite the rough road, will fill up on weekends; the amenities here include toilets and a stock-unloading ramp. Sorry, there’s no drinking water here. Grandview is the starting point for lakes in the West Fork of the Rock Creek drainage.

The truly grand view from Hades Pass of the 170-acre Grandaddy Lake, the largest natural lake in the Uintas

On the shore of Grandaddy Lake. Campsites must be at least 200 feet from any water source in Wilderness Areas.","USGS Grandaddy Lake and USGS Hayden, USDA Forest Service High Uintas Wilderness , Trails Illustrated High Uintas Wilderness"
Henrys Fork Trailhead,3,"Another North Slope trailhead enters contention for winning the popularity contest in no small part thanks to Kings Peak. Though there are two other trails described in this book that access Utah’s highest point, Henrys Fork is usually the most accessible—and clocks in at a reasonable 25 to 27.1 miles.

Unlike China Meadows, there are not a lot of campsites and no lakes to recreate on. Just a handful of established sites and a vault toilet plus some dispersed camping—great for setting up a base camp in the mountains from which to launch your backcountry adventures early the next morning. Otherwise, the primary destinations will be found several miles south of the trailhead, from a nearby lake with decent fishing to a view from the top of Utah.

Trail contacts: Uinta-Wasatch-Cache National Forest, Forest Supervisor, 857 West South Jordan Pkwy., South Jordan, UT 84095; Mountain View Ranger District, 321 Highway 414, PO Box 129, Mountain View, WY 82939, (307) 782-6555

From Mountain View, take Highway 410 south about 6 miles to a junction. Then take SR 017 (CR 283), a well-maintained gravel road, south about 12 miles to a fork. The east road (Road 077) heads south about 5 miles to Henrys Fork. Henrys Fork trailhead has fifty parking places and is equipped with toilets, campsites, corrals, and a stock ramp.

The sun setting on the North Slope, looking up the valley to the south across Elkhorn Crossing from the trail to Henrys Fork Basin","USGS Gilbert Peak NE, USGS Mount Powell, USGS Kings Peak; USDA Forest Service High Uintas Wilderness ; Trails Illustrated High Uintas Wilderness"
Highline Trailhead (West),1,"For many, hiking in Utah’s High Uintas all begins (or ends) right here. That’s because the Highline trailhead off Highway 150 is either the enthusiastic launch of a 10- to 100-mile trek or the exuberant conclusion of one (see the Highline Trail on page 187). Outside of the 3-mile hike to Mirror Lake or the strenuous 3.5-mile scramble to Hayden Peak (head due east from the trailhead and expect 2,000 feet in careful, rock-hopping elevation gain), Highline is all about distance. Most day hikes begin at 7 or 8 miles, round-trip, and continue up to 23 miles complete with mountain passes—doable on foot, of course, but easy to see why someone might bring a horse.

If you’re just getting started hiking at 10,000 feet, you might consider these hikes part of a more advanced class. Oh, and, at just about 1.1 miles into these hikes, you’ll pass into the designated High Uintas Wilderness Area. Remind your group of the power of Leave No Trace principles to help you and others who follow to fully enjoy the gift of America’s protected outdoor places.

Trail contacts: Uinta-Wasatch-Cache National Forest, Forest Supervisor, 857 West South Jordan Pkwy., South Jordan, UT 84095; Kamas Ranger District, 50 East Center St., Kamas, UT 84036, (435) 783-4338; Ashley National Forest, Forest Supervisor, 355 North Vernal Ave., Vernal, UT 84078, (435) 781-1181; Duchesne Ranger District, 85 West Main, Duchesne, UT 84021, (435) 738-2482

The Highline is the most popular trailhead of the High Uintas. From Kamas, take the Mirror Lake Scenic Byway (Highway 150) 34 miles to a large sign on the east side of the road that says “Highline Trail.” You can’t get lost finding this one.

This trailhead has a listed capacity of twenty-four vehicles, but there are often considerably more parked here on busy weekends. The overcrowded trailhead is equipped with toilets, water, stock ramp, and nearby campsites.

Hayden Peak stands watch over the western edge of the Highline Trail, whose trailhead is popular among hikers and horse packers.","USGS Hayden Peak and USGS Explorer Peak, USDA Forest Service High Uintas Wilderness , Trails Illustrated High Uintas Wilderness"
Hoop Lake Trailhead,3,"A quintessential High Uintas destination, Hoop Lake offers a few dozen reservable developed campsites with drinking water plus a handful of smaller sites and group sites. It all caters to campers, anglers, boaters, equestrians, hikers, and backpackers seeking easy access to the High Uintas Wilderness. Beyond Island Lake described in this chapter, the trail climbs over the divide from the North Slope to the South Slope, meeting up with the Highline Trail and all that remarkable route accesses.

Trail contacts: Uinta-Wasatch-Cache National Forest, Forest Supervisor, 857 West South Jordan Pkwy., South Jordan, UT 84095; Mountain View Ranger District, 321 Highway 414, PO Box 129, Mountain View, WY 82939, (307) 782-6555

Take Wyoming State Highway 414 southeast of Mountain View for 21.5 miles. At Lonetree, turn right onto CR 290, then left onto CR 291. After 5 miles, turn right on FR 078 and travel for 3 miles. At the signed fork, stay left continuing south and then east for 3.8 miles. There’s a Hoop Lake trailhead for horses on the east side of the lake as well as past the dam on the southwest side. There’s a horse ramp and at least thirty parking spaces.

A faint trail along the south side of Hoop Lake sets out toward Kabell Lakes.","USGS Fox Lake, USDA Forest Service High Uintas Wilderness , Trails Illustrated High Uintas Wilderness"
Lake Fork Trailhead,2,"Like Rock Creek, Lake Fork also sits at the end of a paved road. Of course, the nearby reservoir plus the deluxe cabins and paved RV sites of Moon Lake Resort are among the main reasons for this luxury. But for those seeking quick access to the High Uintas Wilderness and the increased solitude of the backcountry, it can be nice having the red carpet rolled up to the trailhead.

Though there’s a comparatively more leisurely stroll through the forest up the Fish Creek National Recreation Trail, the trails covered here are all about distance and solitude. A few years ago, the lightning-sparked East Fork Fire torched around 90,000 acres on the South Slope and caused some damage to the resort, so expect to see the aftermath of the fire along portions of the trails.

Trail contacts: Ashley National Forest, Forest Supervisor, 355 North Vernal Ave., Vernal, UT 84078, (435) 781-1181; Duchesne Ranger District, 85 West Main, Duchesne, UT 84021, (435) 738-2482

From Heber City, take US 40 east 69 miles to Duchesne. Turn north onto SR 87 and travel 14 miles to Mountain Home. Take the Moon Lake Road north about 15 miles to the Lake Fork trailhead.

The trailhead has forty vehicle parking places with water and toilets. The Moon Lake Campground is 0.25 mile past the Lake Fork trailhead. Lake Fork is the main takeoff point for Brown Duck, East, and Ottoson Basins and is an optional trailhead for Sinowauvf Basin.

Mountain Home, Utah, stakes its claim as “The Gateway to the High Uintas,” thanks to two paved access roads, one to Rock Creek (previous chapter), and the other to Lake Fork, near Moon Lake.","USGS Kidney Lake, USGS Oweep Creek, and USGS Explorer Peak; USDA Forest Service High Uintas Wilderness ; Trails Illustrated High Uintas Wilderness"
Mirror Lake Area,1,"One can argue that any tour of the Mirror Lake Scenic Byway (Highway 150) should include a stop at its namesake. It’s a good argument: The 53-acre Mirror Lake is the largest natural lake along the highway and attracts hikers, campers, anglers, and equestrians to its shores, trails, and campground and kayakers, paddle boarders, and other non-motorized boaters to its waters. On a calm day, its glassy waters reflect nearby Bald Mountain and painterly clusters of evergreen trees. It’s no wonder families return annually, and reservations may be necessary to grab a campsite. If not staying overnight, pack a picnic and find a spot along the shore to relax and enjoy the cool mountain air. Otherwise, see you out on the trails.

Trail contacts: Uinta-Wasatch-Cache National Forest, Forest Supervisor, 857 West South Jordan Pkwy., South Jordan, UT 84095; Kamas Ranger District, 50 East Center St., Kamas, UT 84036, (435) 783-4338; Ashley National Forest, Forest Supervisor, 355 North Vernal Ave., Vernal, UT 84078, (435) 781-1181; Duchesne Ranger District, 85 West Main, Duchesne, UT 84021, (435) 738-2482

From Kamas, take the Mirror Lake Scenic Byway (Highway 150) 31 miles to Mirror Lake. There are two trailheads. The first is a large day-use area with more than fifty parking spots, restrooms, and a boat ramp. You will find a second trailhead about 0.25 mile east of the Mirror Lake entrance. This trailhead has eighteen parking places and offers a very popular and well-maintained campground with water, toilets, and a stock-unloading ramp. (A northbound trail departing from here, also called Mirror Lake, is a connector trail to Highline.)

Bald Mountain overlooks the popular Mirror Lake area of the Mirror Lake Scenic Byway.

The boardwalk on the south side of the Mirror Lake Shoreline Loop offers a view northeast to Hayden Peak.","USGS Mirror Lake, USGS Hayden Peak, and USGS Iron Mine Mountain; USDA Forest Service High Uintas Wilderness ; Trails Illustrated High Uintas Wilderness"
Paradise Park/Blanchett Trailhead,2,"Among the more interesting features of the Paradise Park trailhead is the roughly 100-year-old Paradise Guard Station. Available to rent on Recreation.gov , the facility is described as RUSTIC (all caps)—but if you’ve been backpacking in the mountains it may feel like a resort. Up at Paradise Park Reservoir, access may be prohibited past the dam around the east side of the lake, but there is plenty of room to spread out across the western shores after carefully picking your way across the rocks, marsh, and cow pasture.

There are a lot of ATV tracks around the southwest side of the lake and nearby high-clearance roads offer plenty of miles of exploration and an advantage. The best trails near the lake require about 3 miles more to hike from Paradise Park than from Blanchett Park, but you’ll need a high-clearance vehicle and possibly an ATV to reach it, depending on conditions. If you can reach it, Blanchett Park offers good camping options to set up base camp.

Trail contacts: Ashley National Forest, Forest Supervisor, 355 North Vernal Ave., Vernal, UT 84078, (435) 781-1181

From Vernal, drive west 15 miles to LaPoint. Turn north toward the Uinta Mountains, then drive another 30 miles to Paradise Park. You can start hiking from here, but if you have a sturdy high-clearance 4WD, keep heading north another 3 miles up FR 296 to an old logging road and continue 1.3 miles to Blanchett Park (this road may be impassable).

If you’re coming from the Salt Lake City area, begin your journey to Paradise Park at Roosevelt. Take SR 121 north 10 miles to Neola. Keep following SR 121 another 14 miles east to the small community of LaPoint, then turn north and drive for 30 miles on the unpaved, though typically graded and improved dirt road.

According to legend, the Whiterocks District Ranger built the Paradise Guard Station in his spare time in the 1920s.

A pond covered in lily pads near the trail to Kibah Lakes","USGS Paradise Park and USGS Whiterocks Lake, USDA Forest Service High Uintas Wilderness , Trails Illustrated High Uintas Wilderness"
Pass Lake Trailhead,1,"Back on Highway 150, next up is the immensely popular Pass Lake trailhead. Though Pass Lake is on the east side of the road, this trail-head is just across the highway to the north of Pass Lake. Thanks to relatively short mileage, both of the trails covered here are excellent for families or groups with hikers of varying experience. But don’t let the length fool you. Whenever a trek begins above 10,000 feet, even short bursts of elevation gain will leave hikers breathless. Take your time and appreciate the view and benefits of being out in nature, even when the trail is popular and you’re sharing that experience with others.

Trail contacts: Uinta-Wasatch-Cache National Forest, Forest Supervisor, 857 West South Jordan Pkwy., South Jordan, UT 84095; Kamas Ranger District, 50 East Center St., Kamas, UT 84036, (435) 783-4338

From Kamas, take the Mirror Lake Scenic Byway (Highway 150) 32 miles to Pass Lake. The trailhead is on the opposite side of the road from the lake and has a restroom. Two or three dozen cars will fit in the parking area, with over-flow along the highway a near guarantee on weekends.

Bald Mountain and Reids Peak from the south side of the excellent Lofty Loop Trail","USGS Mirror Lake, USDA Forest Service High Uintas Wilderness , Trails Illustrated High Uintas Wilderness"
Rock Creek Trailhead,2,"Travelers to the Uintas accustomed to the paved access of Highway 150 will appreciate the smooth drive to Rock Creek trailhead. While you could certainly reserve a base camp in the campground among the ponderosa, lodgepole, and aspen forest and fish the stunning Upper Stillwater Reservoir (or, better yet, where Rock Creek enters the reservoir), excellent backpacking routes from Rock Creek trailhead shoot west, north, and east—though the destinations to the west are easier to access from Grandview trailhead.

A few years ago, the lightning-sparked East Fork Fire torched around 90,000 acres on the South Slope including Upper Lake Fork (next chapter) and here in the Rock Creek drainage. After the two-mile hike along the reservoir, you will get a close look at the aftermath of that fire. Parts of the Sinowauvf Basin and east of the East Fork of Rock Creek were severely burned. Also note that signage, guidebooks, and blogs may still refer to several sites in this region by the former name, “Squaw.” In consultation with some seventy tribes, the offensive term was removed from nearly 650 place names on U.S. federal land. Updated place names include Sinowauvf Basin, Kyhv Lake, Kweeyahgut Peak, and Nahguch Creek and Pass.

Trail contacts: Ashley National Forest, Forest Supervisor, 355 North Vernal Ave., Vernal, UT 84078, (435) 781-1181; Duchesne Ranger District, 85 West Main, Duchesne, UT 84021, (435) 738-2482

From Heber City, take US 40 east 69 miles to Duchesne. Then take SR 87 north 14 miles to Mountain Home. Rock Creek trailhead is 22 miles northwest of Mountain Home on the paved FR 134. Turn west (left) on FR 135 and travel for 0.25 mile. The trailhead is on the right (north). There are no campsites, but the Upper Stillwater Campground is just 0.25 mile away on FR 134. There are toilets, water, a stock ramp, and a stock corral at the trailhead. This is a popular takeoff point for equestrians heading into the Fall Creek or Sinowauvf Basin areas. It’s a long, steep hike to any lakes from here. Some lakes at the head of the Rock Creek drainage are more easily reached via the Highline Trail over Rocky Sea Pass.

Rock Creek Road to Upper Stillwater and the Rock Creek trailhead is one of those scenic drives that begs you to pull over to pause and appreciate the view.","USGS Explorer Peak, USGS Kidney Lake, and USGS Tworoose Pass; USDA Forest Service High Uintas Wilderness ; Trails Illustrated High Uintas Wilderness"
Spirit Lake Trailhead,3,"Utahns may recognize Summit County as home to high-end hotel, ski, mountain bike, spa, and shopping experiences thanks to the world-renowned outdoor adventure base camp known as Park City. Spirit Lake, by comparison, feels like a frontier outpost in the easternmost extreme of the county, which may explain the cabin names at the nearby lodge: Sacagawea, Lewis & Clark, Nessmuk, among others.

Spirit Lake sits at 10,180 feet above sea level in Utah’s Ashley National Forest. In fact, the lake and its trailheads are a 3-hour drive from Park City and accessed through Wyoming via I-80 and a series of unpaved county and forest roads. That remoteness can translate to some serious solitude. This chapter illustrates just four of the destination lakes accessed from two trailheads near Spirit Lake.

Trail contacts: Ashley National Forest, Supervisor’s Office, 355 North Vernal Ave., Vernal UT 84078, (435) 781-1181; Flaming Gorge Ranger District, 25 West Highway 43, Manila, UT 84046, (435) 784-3445

From Mountain View, take Wyoming Highway 414 east then south about 20 miles to Lonetree. After about 10 miles east on Highway 414 is a three-way junction that provides access to Spirit and Browne Lakes. At this junction, take the south dirt road (Road 221) 13 miles to a junction with a posted sign. Road 001 winds west then south 7 miles to Spirit Lake.

The Spirit Lake trailhead to Tamarak and Fish Lakes has about five parking places and can accommodate you with excellent campsites, toilets, water, a café with limited hours, rustic lodging, horse rentals, and a stock ramp. The trailhead to Daggett and Anson Lakes is located next to the road on the east side of Spirit Lake. There are limited pull-off parking options so the nearby campground might be the best option.

Dock and amenities near Spirit Lake Lodge, rustic accommodations near the Spirit Lake trailhead","USGS Chepeta Lake and USGS Whiterocks Lake, USDA Forest Service High Uintas Wilderness , Trails Illustrated High Uintas Wilderness"
Swift Creek Trailhead,2,"It can be easy to forget that the U.S. Forest Service is part of the U. S. Department of Agriculture until you wake up in your tent surrounded by a herd of mooing cattle, open-range grazing through the campground. But pay them no mind. If you’re camping below the trailhead at one of multiple campgrounds, your biggest challenge may be finding a large enough area free from cow pies to stake your tent. Otherwise, there are decent amenities (vault toilets, picnic tables, water) and plenty of fish in the river.

From the trailhead, most hikers and equestrians climb the ridgeline dividing Swift Creek and Yellowstone drainages and then continue the ascent up into the Swift Creek Basin. The rocky, tree-covered route along the Yellowstone would add variety to a loop hike.

Trail contacts: Ashley National Forest, Forest Supervisor, 355 North Vernal Ave., Vernal, UT 84078, (435) 781-1181; Duchesne Ranger District, 85 West Main, Duchesne, UT 84021, (435) 738-2482

From Heber City, take US 40 east 69 miles to Duchesne. Turn north onto SR 87 and travel 14 miles to Mountain Home. Follow Moon Lake Road north 4 miles to where Yellowstone River Road intersects on the east side. Follow Yellowstone River Road another 4 miles past the rough and tumble Hells Canyon Road. Stay on Yellowstone River Road another 6 miles to the Swift Creek trailhead.

The Swift Creek trailhead can handle parking for twenty-five vehicles and is equipped with campsites, toilets, water, and a stock ramp. Many of the high lakes are 10 to 15 miles away, up steep and rocky terrain. Swift Creek also serves as an optional trailhead for the Yellowstone River drainage.

The Swift Creek trailhead branches northwest along Yellowstone Creek and north along Swift Creek, traveling several miles into Timothy Basin, as seen from this ridge.","USGS Burnt Mill Spring, USGS Mount Emmons, USGS Garfield Basin, USGS Mount Powell, and USGS Kings Peak; USDA Forest Service High Uintas Wilderness ; Trails Illustrated High Uintas Wilderness"
Uinta Trailhead,2,"The first time I drove across the bridge over the Uinta River, I had to stop the car and get out. I had not seen so much water coming out of the Uintas before, being accustomed to hiking and fishing as a kid around the smaller Upper Prove River off Highway 150. Up the canyon, there are a couple dozen basic tent sites along the river, spread between a campground and a group area—sometimes accessible earlier in the season given the mostly paved access and relatively low 7,700 feet in elevation.

Hikes begin at the picnic area and signed “Uinta Trailhead.” It’s sometimes labeled Wandin Campground on maps, but signage at the trailhead indicates camping is not permitted. The road is typically closed beyond, adding around 0.8 mile of dirt road travel to the hikes. Though fishing and horseback expeditions no longer depart from the defunct U Bar Wilderness Ranch, expect plenty of equestrian traffic on these trails. As always, carry bug spray, watch your step, and take your time—this is an extremely rocky drainage. Even if you don’t summit Kings Peak as described above, there are plenty of reasons to extend your stay. The following trails can easily combine into a scenic loop of 40 or more miles.

Trail contacts: Ashley National Forest, Forest Supervisor, 355 North Vernal Ave., Vernal, UT 84078, (435) 781-1181; Duchesne Ranger District, 85 West Main, Duchesne, UT 84021, (435) 738-2482

From Heber City, take US 40 east 99 miles to Roosevelt. Then take SR 121 north for 11 miles to Neola. Head north 17 miles on the mostly paved Road 118, 0.8 mile past the Uinta Canyon Campground to the marked trailhead.

The Uinta trailhead has room for forty vehicles; amenities include toilets and a stock ramp. There is no water at the trailhead. Camping is available at Uinta Canyon Campground.

Popular with hikers and horse packs, Uinta Canyon trails are long, rocky, often steep, and always beautiful.","USGS Bollie Lake, USGS Fox Lake, USGS Mount Emmons, and USGS Kings Peak; USDA Forest Service High Uintas Wilderness ; Trails Illustrated High Uintas Wilderness"
West Fork Whiterocks Trailhead,2,"There are a number of long, improved dirt roads that climb high onto the South Slope. West Fork Whiterocks presents the chance to explore multiple trailheads from one such road. A short 0.5-mile spur road about 7 miles before the Chepeta trailhead carries drivers to West Fork Whiterocks. The narrow FR 109 opens to a surprisingly spacious parking area suitable for multiple vehicles and trucks with stock trailers. From there, enjoy easy access to the West Fork and a set of outstanding, though often rocky, long-distance trails perfect for well-conditioned, surefooted backpackers and well-prepared equestrians—indeed, there’s a lot of horse traffic here, so be sure to yield and watch your step. There are a couple of ATV-only trails (235 and 306) cutting northwest that offer access to additional trailheads and there are multiple loop options, including multi-day routes over high mountain passes.

Trail contacts: Ashley National Forest, Forest Supervisor, 355 North Vernal Ave., Vernal, UT 84078, (435) 781-1181

From Heber City, take US 40 east 99 miles to Roosevelt. Then take SR 121 north for 11 miles to Neola. Follow SR 121 east about 5 miles to a junction. From the junction, follow a paved road north 3 miles to the town of Whiterocks. Keep on the road, heading north for 4 miles to another junction. At this point, follow Road 117, which winds east then north 18 miles to Pole Creek Junction. Then take Road 110 about 4 miles north to the West Fork junction. From here it’s about 1 mile northwest to the West Fork trailhead; the road continues north another 7 miles to the Chepeta trailhead. There are numerous 4WD roads in the area, so stay on the road most traveled.

West Fork Whiterocks has parking for thirty vehicles as well as toilets, corrals, and a stock-unloading ramp.

Like Uinta Canyon, West Fork Whiterocks is a rocky drainage popular among equestrians and hikers with good ankles.","USGS Fox Lake and USGS Chepeta Lake, USDA Forest Service High Uintas Wilderness , Trails Illustrated High Uintas Wilderness"
