name,region,drainage,pages,info
Bald Mountain,western,Provo River Drainage,"438,439","DEAN (W-35): It is a natural lake surrounded by meadows and open timber at the head of the Main Fork of the Weber drainage, 2 miles southwest of the Bald Mountain Trailhead on the Notch Mountain Trail, horse friendly. 10,060 ft. elevation, 12 acres, 16' deep has brook and cutthroat trout, but subject to sporadic winterkill. Under heavy fishing pressure. Now with Arctic Grayling.

CLEGG (A-47): We have again crossed a divide and are in the Provo River drainage, 1.5 miles from the Bald Mountain Trailhead, horse friendly, 10,460 ft. elevation, 5.1 acres, 12' deep, has planted Brook and Tiger trout, under heavy use.

WE HAVE NOW ARRIVED AT THE BALD MOUNTAIN TRAILHEAD, seen below.

Sunrise from Bald Mountain with Mirror Lake at our feet. 438"
Beaver Creek - Weynman Park,main,Beaver Creek Drainage,89,"In another mile we come to another junction, seeing a pickup pulling a travel trailer, followed by others, which for several reasons I feel is important, as I will explain.

Browne Lake is a popular destination for campers, glampers, fishermen and hikers.

Just after we turn onto this road, we see in the long meadow to our right another Trailhead, but very importantly see a historical marker--as coming down this meadow we have been paralleling the route of the CARTER MILITARY ROAD, constructed in 1881 and used until 1924 that had the purpose of traveling between Fort Bridger and the railroad on the north to supply military outposts in the Uintah Basin. It followed one of the two routes used by the Native Americans to cross the Uinta Mountains--the other one being up the Henrys Fork, over Gun Sight Pass to the Uinta River Drainage and down to the basin. But, the Carter route made possible supply wagons--even though the distance of 60 miles still was a long torturous trip with a wagon. The story of the Carter Military Road is told on page 474."
Beaver Meadows,main,Beaver Creek Drainage,278,"Chapter 2: THE WILDERNESS AREA- North Slope

Section 14: BURNT FORK & BEAVER MEADOWS LK. TH’s ****************

PREFACE

THE 1st MOUNTAIN MAN RENDEZOUS--1825 Northeast of the Burnt Fork Trailhead--10 miles as the crow flies, along WY-414, is found a very important display--I've already shown a small version of on page 54, but it is so important in the development of the West, that we've got to see it big enough now to read.

In case you're curious why so much effort and sacrifice only created $50,000 worth of furs, it's equivalent today would be more than $12 million--not bad for the new adventurers, like Jedediah Smith, whose incredible story is summarized beginning on page 236. On page 55 I've inserted a picture of the approximate location of the ""Jubilee,"" chosen because of its abundant grass--which is still being produced with the help of the Uinta's Henry Fork River. A mural, actually from the Rendezvous later in the Grand Teton area, helps us visualize the great event, celebrated every year in Fort Bridger, mentioned on page 51."
Beaver Meadows Reservoir,main,Beaver Creek Drainage,"82,83","We continue east on FR-86 3 miles and come to a Trailhead sign, we see below--which is the BURNT FORK TRAILHEAD, with a trail that takes one up to the North Slope Highline Trail, accessing Fish Lake and others in the Wilderness Area. NOTE: Seems like in

some areas they call it ""The North Side Highline Trail,"" but since we are on the North Slope-thus the excuse for my slip of the tongue.

A short distance east we cross Burnt Fork, which would be a great stream to wet a line in and you could camp out most anywhere. From the Trailhead we drive 2.2 miles and come to BEAVER MEADOWS RESERVOIR where the road crosses the long dam. There is a Trailhead you find by taking a quite rough road just before crossing the dam."
Browne-/Spirit Lake Trail No. 017,minor--eastern,Sheep/Carter Creek Drainages,481,"NOW TO THE DETAILS A mile or so after leaving FR-221, you come to the first two trail signs, seen below:

The sign on the left leads to areas in the Wilderness Area. The one on the right is in the Sheep/Carter Creeks area. As you will notice, access to the areas of our interest, are best from the Spirit Lake area. But to give you a complete picture, I'm showing the signs as we come to them, another of which is found 2 miles further along, seen below, that has us in the zone.

About 4 miles further we come to Spirit Lake and as we drive a mile around the eastern side, we come to another trail sign seen below.

Then, after passing the full-service Forest Service campground, we come to the main Trailhead, seeing just a little further along the gate of the Resort--with lodge, restaurant, cabins and boats for rent, but closed with the FOR SALE sign I showed in Chapter 1."
Burnt Fork,main,Burnt Fork Drainage,"82,288","Chapter 2: THE WILDERNESS AREA—South Slope

Section 16:"
Cache,main,Blacks Fork Drainage,"66,216","Chapter 2: THE WILDERNESS AREA--North Slope

Section 7: The EAST FORK OF BLACKS FORK HOW TO GET HERE: From SLC 40 miles, to Kamas, 50 miles on UT-150 to the North Fork Road (FR058), then east 20 miles to the junction with FR-065, then 6 miles south to the Trailhead. TOTAL FROM Kamas = 76 miles, from SLC=116 miles. From Evanston, Wyo., east on I-80 to Ft. Bridger, east and south to Mt. View--total of 45 miles, then 9 miles on CR-410 to Robertson and end of pavement, turning south on CR-271 to Ut. border, then on FR058 to junction (24 miles from Robertson) with E. Fk. Blacks Fk. road, FR-065, then 6 miles to Trailhead. Total via Evanston=84 miles. From SLC 80 to Evanston + 84 to TH, TOTAL OF 164.

We will begin our description of the East Fork of Blacks Fork, with two small lakes, DUCK (G-37), and G-86, out of the Wilderness Area, mentioned in the 1985 DWR pamphlet, both of which were experimentally stocked in 1985--that wasn’t successful with no further stockings.

THE CACHE TRAILHEAD This is basically a crossing of the road by what I call the North Slope [or Side]Highline Trail--the Forest Service usually call it, The Bear River-Smiths Fork Trail It is located 5 miles south of the junction of FR-058 and FR-065, and one mile short of the Trailhead.

The EAST FORK OF BLACKS FORK TRAILHEAD"
Center Park,main,Yellowstone Drainage,"125,337,338,339","Chapter 2: THE WILDERNESS AREA—South slope

Section 19: The CENTER PARK TRAILHEAD: WEST YELLOWSTONE DRAINAGE--THE GARFIELD & SWASEY HOLE BASINS HOW TO GET HERE: From the Wasatch Front, 100 miles to Duchesne, (from Heber on U.S. 40) then north following the signs towards Yellowstone Canyon (29 miles) on the Road to Moon Lake, but at the sign turning east to Yellowstone Canyon on the dirt-gravel road and continue to the sign to Hells Canyon (about 122 miles to that junction), then drive 10 miles to the Trailhead. TOTAL = 132 miles.

For more details, see Chapter 1, page 125.130 First, we'll learn about one lake accessed best from this trailhead, but which is in the Lake Fork Drainage. TOQUER (LF-25): This lake is the headwaters of Fish Creek that flows into Moon Lake. It can be accessed 7 miles via the Fish Creek National Recreation Trail from Moon Lake, or 3 miles via the Hell's Canyon Trail from the west end of the Center Park. 10,470 ft. elevation, 11.1 acres, 32' deep, horse friendly, has both Brook and Cutthroat trout, with light fishing pressure.

Now we'll move up the Swasey Hole/Garfield Basin Trail."
Chepeta-Highline Trail,main,White Rocks Drainage,"113,114","We drive .6 of a mile in to the Trailhead, which is a very nice one—the nicest in the Whiterocks Drainage, with extensive corrals for horses used a lot in this area.

In Chapter 4 on the Eastern Uintas I'll tell in the Preface my ""John Wayne look-alike"" experience in climbing from here Queant Fox Pass that is right on the eastern edge of the Wilderness Area and the Uinta River Drainage.

Over the next 6.8 miles we pass several trail markers I'll insert below, including where the Highline Trail continues to the east after leaving the trailhead that is up the road on the west side and called the CHEPETA TRAILHEAD, .3 of a mile down from the lake--I'll insert a picture of the Trailhead before showing the lake."
China Meadows,main,Smiths Fork Drainage,"72,73,74","This chance visit led to intensive research, explorations and discoveries, and even evolved into me giving speeches on the subject to Historical Societies in Evanston, Wyoming and Coalville, Utah. THANKS TERESA AND BOB!

In relation to Teresa--since 2007 when we met, years have come and gone with a lot of water gushing by under the bridge of life…..that brought me to 2015 and a failed effort to get to my lake--Little Andy Lake, Utah's highest lake at 12,302 ft. in the eastern shadow of South Kings Peak. High Altitude Sickness had me backing off and coming back down the trail--that had me stumble into one of those coincidental experiences for which I'm most grateful. Some Forest Service personnel were coming up the trail--one, a lady on horseback. I stopped to say hello when she screamed at me! It was Teresa, still a Wilderness Ranger, who recognized me and explained she had Googled my name a while ago and found an obituary for a ""Cordell M. Andersen"" who had died in Council Bluffs, Iowa in 2010--causing her to scream at the ghost--me, what's in her picture.

Now back to the LOOP TOUR. From the Hewinta Guard Station, return to FR-073:"
Christmas Meadows/Stillwater,main,Bear River Drainage,"42,182,183,184","Chapter 2: THE WILDERNESS AREA--North Slope

Section 3:

The CHRISTMAS MEADOWS/STILLWATER TRAILHEAD HOW TO GET HERE: From Kamas to Christmas Meadows = 47 miles, then 4 miles to Trailhead TOTAL= 51 miles from Kamas, 91 from SLC. From Evanston, Wyoming, 30 miles to No. Slope Rd, plus 3 to turn-off and 4 to Trailhead, Total of 37 miles.

Forty-seven miles from Kamas, or 12.5 miles from the Highline Trailhead at Hayden Pass we come to a junction where we turn to the southeast on the road that takes us 4 miles to what we have always called the Christmas Meadows Trailhead, as do all my maps, but the sign calling it the Stillwater Trailhead."
Crow Basin (Canyon),main,Dry Gulch Drainage,"122,308","Chapter 2: THE WILDERNESS AREA – South Slope

Section 17: The DRY GULCH DRAINAGE ******************

PREFACE My Struggle to get to Crow Canyon & SURVIVING A FALL & LIGHTNING AT JACKSON PARK Back in 2011, in my zeal to explore and photograph all of the Uintas, I discovered on my NG Wilderness Map what the DWR described as ""the smallest drainage on the South Slope ……divided into two main basins: Heller and Crow."" 118 The CROW BASIN, ""long and narrow with steep side walls,"" like a box canyon, and basically without marked trails, attracted me most, and in that year I did my first explorations at a time when I was beginning to have a difficult time….actually becoming a cripple, that led in 2012 to my first back surgery fusing vertebras and trying to solve a pinched nerve problem. So 2012 became a year when I was not able to backpack. But my attempts in 2011 did result in one YouTube video about Crow Basin, entitled, ""SAW IT, SURVIVED IT""119 but did not tell the whole story. What did come out of that effort was that one of my High Uinta Friends, Jonathan Jaussi, flew over the area and took aerial photographs and shared them with me. They ended up being a great help to me finally getting down into Crow Canyon in 2013, after sort of recovering from my back surgery. That resulted in my 2nd YouTube video, 120 done during Utah's PIONEER DAY CELEBRATION, my trip honoring my great grandmother, Alice Brooks, survivor of the Martin Handcart Company ordeal.

118"
Crystal Lake & Bald Mt,western,Provo River Drainage,"426,431","Chapter 3: THE WESTERN UINTAS

Section 3:

THE CRYSTAL LAKE & BALD MT. TRAILHEADS HOW TO GET HERE: For Crystal Lake TH about 26 miles from Kamas you come to a big bend in the Mirror Lake Scenic Byway and see this sign, where you leave the highway and follow the paved road northwest to the Crystal Lake Trailhead, a TOTAL of about 26 miles from Kamas, 75 from Provo, and 69 from Salt Lake. The Spring Canyon/Trial Lake Road, comes out at this same junction.

As we can see in the trailhead parking lot, it is a very popular beginning point for hikes and backpacks. Literally thousands of nature lovers use this trailhead each summer, so it's a small percentage that have problems--but that's no excuse to not take seriously the dangers, and ignore the rules--that will make everybody's experience a fun, safe and inspirational one. So before launching ourselves into the Uintas, let's look at the advice given us by the Forest Service at the trailhead. On the next page we'll zoom in on the advice & the rules given us by the Forest Service. 431"
Dry Canyon & Fish Lake Trail,western,Weber River Drainage,"472,473","ABES (W-30): You get to the lake by following the Middle Fork Trail south from Holiday Park about 2.5 miles to the junction with the Abes Lake Trail and continue one steep mile east to the lake located at 9,820 ft. elevation, 21.6 acres, 62' deep, with a dam so it fluctuates 7 ft. annually, no feed for horses, has Cutthroat and Tiger trout with heavy fishing pressure.

ADAX (W-34): It is a scenic lake at the foot of steep ledges and surrounded by dense conifers. It is accessed by following the Middle Fork Trail south from Holiday Park 2.5 miles and then one steep mile west on an indistinct trail. Another way to get to the lake is 1.5 miles east of Olsen Lake over the pass--no trail. Either way it is difficult to locate in steep, rocky terrain, horse feed is available. Fishing pressure is light for small wild brook trout.

LAKE W-59: It is a natural lake located 1/2 mile southwest of Adax Lake in the Middle Fork Drainage. It can also be accessed from over the ridge from Gardner's Fork but the terrain is of bedrock shelves and scattered conifers and is extremely rough with no trails, horse access is difficult. Located at 10,140 ft. elevation, 4 acres, 10' deep, with a small population of self-sustaining wild brook trout, very light fishing pressure."
Dry Gulch Creek,main,Dry Gulch Drainage,"121,316,317,318","THE HELLER BASIN HOW TO GET HERE: Follow instructions to Crow Canyon access road FR-120. From there, on FR-119, go east 3 miles to the Dry Gulch Road--FR-122, and drive 4 tough miles to gate, which some maps say is a Trailhead. See Chapter 1, pages 120, 121.

HELLER LAKE/RESERVOIR (DG-28): Accessed 2 miles following the jeep road from the gate, 10,108 ft. elevation, 12 acres, 37' deep, horse friendly but no feed available, pan-sized Brook trout, heavy usage. LAKE DG-30: No fish life LAKE DG-29: Is a small beaver pond accessed from Heller Lake, 1/4 mile northwest to a long park followed 1/2 mile then east 1/8th mile, horse friendly, not managed by DWR for fish. HIDDEN LAKE DG-27: At the head of the Heller Basin, accessed 2 miles north-northeast on a poorly marked trail from Heller Lake. 9,520 ft. elevation, 10 acres, 39' deep. Fair population of healthy Brook trout.

LILY PAD LAKES Upper DG-25: Beautiful meadow lake surrounded by conifers, accessed 2 miles cross country northwest of Heller Lake, or 7.5 miles via the Dry Gulch Rd. and pack trail over Flat Top Mountain. Horse friendly, 10,280 ft. elevation 12 acres, 37' deep, small population of healthy Brook and Cutthroat trout. Heavy pressure. Lower DG-26: Meadow lake covered with aquatic vegetation, access from Upper Lily Pad Lake, then 1/8th mile due east. 10,275 ft. elevation, 9 acres, 11 ' deep, Brook trout, light pressure."
East Fk. Blacks Fk,main,Blacks Fork Drainage,"65,66,208,209,216,217,218,219,220,221,222,223","Chapter 2: THE WILDERNESS AREA--North Slope

Section 7: The EAST FORK OF BLACKS FORK HOW TO GET HERE: From SLC 40 miles, to Kamas, 50 miles on UT-150 to the North Fork Road (FR058), then east 20 miles to the junction with FR-065, then 6 miles south to the Trailhead. TOTAL FROM Kamas = 76 miles, from SLC=116 miles. From Evanston, Wyo., east on I-80 to Ft. Bridger, east and south to Mt. View--total of 45 miles, then 9 miles on CR-410 to Robertson and end of pavement, turning south on CR-271 to Ut. border, then on FR058 to junction (24 miles from Robertson) with E. Fk. Blacks Fk. road, FR-065, then 6 miles to Trailhead. Total via Evanston=84 miles. From SLC 80 to Evanston + 84 to TH, TOTAL OF 164.

We will begin our description of the East Fork of Blacks Fork, with two small lakes, DUCK (G-37), and G-86, out of the Wilderness Area, mentioned in the 1985 DWR pamphlet, both of which were experimentally stocked in 1985--that wasn’t successful with no further stockings.

THE CACHE TRAILHEAD This is basically a crossing of the road by what I call the North Slope [or Side]Highline Trail--the Forest Service usually call it, The Bear River-Smiths Fork Trail It is located 5 miles south of the junction of FR-058 and FR-065, and one mile short of the Trailhead.

The EAST FORK OF BLACKS FORK TRAILHEAD"
East Fk. of Smiths Fk,main,Smiths Fork Drainage,"236,243,244,245,246,247,248,249,250","CHAPTER 2: THE HIGH UINTAS WILDERNESS AREA--North Slope

Section 10: The EAST FORK OF SMITHS FORK

HOW TO GET HERE: From Kamas to North Slope Rd., 50 miles, then on FR-058 21 miles to FR-073 and continue 13.5 miles to China Meadows, TOTAL 81 miles from Kamas--121 from SLC. From Mt. View, Wyo. 6-7 miles on CR-410 towards Robertson, then go south on CR-283, for 7 miles to a fork and turn right on FR-072 and follow signs about 15 miles to China Meadows. Total= 29 miles from Mt. View--74 from Evanston, and 154 from SLC.

This area of the High Uintas has to be considered the most stunning area in the entire Uinta Range. We have already seen it in a BIG LOOP hike from the East Fork of Blacks Fork Trailhead in Section 7, returning to that Trailhead by way of the Bald Mountain Trail from the Red Castle Area. From this Trailhead, we will also introduce another LOOP by way of Kings Peak and the Henrys Fork Basin, and back to this Trailhead. But we'll begin with Option 1, a simple hike just in the Red Castle Area, seen below in a stunning view of Red Castle Peak with Lower Red Castle Lake in the foreground. Then details of the all the lakes.

OPTION #1: From TH to first bridge, 1.7 miles, then at 3.7 miles the No. Slope Highline Trail going east, with a possible side trip of 1.6 miles to the Hessie Lake area, but back to 243"
East Fork of Bear River,main,Bear River Drainage,"61,192","The EAST FORK OF BEAR RIVER TRAILHEAD Four lakes are accessed from this trailhead: Off trail Lake Lorena just outside of the Wilderness Area, then a little further along the stream divides: The Right Hand Fork leading to Norice and Priord Lakes; The Left Hand Fork leading to Allsop Lake. Now the details: LAKE LORENA (BR-46): 10,580 ft. elevation, 12 acres, 20' deep, stocked Brook trout. From TH hike 2.3 miles to where there are many tie hacker ruins, cross the stream, and make a very steep hike 1.8 miles up the steep mountain to the lake. It is not recommended for horses. Solitude is the name of the game.

NOTE: There is a YouTube video of my attempt in 2013 to get to Lake Lorena. 78 I was very interested in getting to the lake in part because of its remoteness, but also because I had heard from a Division of Wildlife Resources employee that they had gill netted a brook trout there that was very large and twice as old as the average brook trout for an alpine lake. At 3.8 miles from the TH you come to a sign pointing straight ahead to Allsop Lake, and to the right, crossing the stream, to Priord Lake which we'll study first. TOPO MAP FOR Lake Lorena & TO DIVIDING OF STREAM

78

Lake Lorena: https://www.youtube.com/watch?v=iVtncReSK0c"
Fehr Lake Trailhead,western,Duchesne River Drainage,444,"NOW FOR THE FEHR LAKE TRAILHEAD, between the Bald Mountain Pass and Mirror Lake, where we will pick up also Marshall Lake from the Murdock Basin.

FEHR (Z-7): This is a natural meadow lake in thick timber at the foot of Murdock Mountain, at 10,260 ft. elevation, 5.7 acres, 27' deep, with a large population of brook trout, under heavy pressure as it is a popular lake.

SHEPARD (Z-9): It is a natural lake surrounded by confers, located 1 mile from the Fehr Lake Trailhead, at 9,980 ft. elevation, 14.2 acres, 32' deep, horse feed is restricted, it has a small population of brook, cutthroat and rainbow trout, with heavy fishing pressure.

MABA (Z-8): Located at the head of Murdock Basin, east of Shepard Lake, and 50 yard north of Hoover Lake, 75 yards west of the Murdock Basin Road, is a natural lake at 9,900 ft. elevation, 4.2 acres, 20' deep with a small population of brook trout, with heavy fishing pressure.

HOOVER (Z-10): This natural lake is surrounded by conifers with some open shoreline, 1.5 miles from the Fehr Lake Trailhead, 50 yards south of Maba Lake, 8 miles northeast of U-150 on the Murdock Basin Road to the Hoover Lake turnoff, the lake found 100 yards northwest of this point. Has brook and cutthroat trout with heavy fishing pressure."
Gardner Fork Trailhead,western,Weber River Drainage,471,"Chapter 3: THE WESTERN UINTAS

SECTION 8: THE MIDDLE & MAIN FORKS of the WEBER RIVER DRAINAGE THE GARDNER FORK, HOLIDAY PARK, & DRY FORK TRAILHEADS HOW TO GET HERE: From Kamas, Utah--40 miles east of Salt Lake City, drive north 6 miles on UT32 to Oakley, then at an intersection in the middle of the town, turn east towards SMITH & MOREHOUSE & WEBER CANYON. then at a junction 11 miles up the canyon where you see the sign inserted below, continue east to the Gardner's Trailhead. From the Ledgefork Trailhead, return to the pavement turn right or east and continue to the Gardner's Fork Trailhead……9 miles from that junction."
Grandview,main,Rock Creek Drainage,"142,143,386,387,388,389,390,391,392,393,394,395,612,613","Chapter 2: THE WILDERNESS AREA—South Slope

Section 22: THE GRANDVIEW TRAILHEAD--GATEWAY to the GRANDADDY PORTION OF THE ROCK CREEK DRAINAGE HOW TO GET HERE: From the American Fork Utah 31 miles to Heber, then to Francis (46.3), and on Ut-35 over Wolf Creek Pass and down to the North Fork of the Duchesne River (78.3), then 6 miles past Defas Dude Ranch (84.3), and 6 miles up Hades Canyon to the Grandview Trailhead a TOTAL of 90 miles from American Fork, Utah, about 105 miles from Salt Lake City.

The GRANDVIEW TRAILHEAD, located at around 9,000 ft. elevation--is one of the more picturesque."
Hells Hole Basin,main,Bear River Drainage,"174,175,176","Chapter 2: THE WILDERNESS AREA--North Slope

Section 2:

The HELL'S HOLE BASIN TRAILHEAD--unofficial HOW TO GET HERE: The take-off point to hike to Hell's Hole Basin, is 9 miles down UT150 from the Highline Trailhead, or 43.5 miles from Kamas. When you are heading north and see the sign seen below pointing west to GOLD HILL & FR-081—a little further on the right, an unmarked road takes off…….

………. as seen below in the middle Google Earth view--turn down it carefully at the end of which a trail heads east crossing Hayden Fork, continuing east until you come to a road which you follow south to a sharp turn when it ends in a gravel pit. The Trail takes off on that turn climbing south up into the Hell's Hole Basin."
Henry's Fork,main,Henrys Fork Drainage,"75,256","Chapter 2: THE WILDERNESS AREA--North Slope

Section 11: The HENRYS FORK TRAILHEAD I must add here, for those who perhaps are new to the Uintas, the HENRYS FORK TRAILHEAD is the main access point to climb Utah's highest mountain--KINGS PEAK, 13,528 ft. high. I must begin this section, with a picture of Kings Peak, and a wonderful historical note about a young 11 year old girl's climb of Kings Peak--actually her 3rd, but I think you'll agree it was AMAZING to say the least. I'll get to driving directions--next page.

:

One day in early July 2018, 11 year old Grace, and her father Jake Hirschi, decided to take advantage of the great weather and climb King's Peak, seen in the exact center of the picture. Grace zeroed in on it and then left her father in her trail dust!106

She climbed it the first time in 2016, when I met them on the trail, me returning from my successful climb to Little Andy Lake. That's when I was honored by her and her brother, Isaac, calling me their “trail buddy”….so all of us became TRAIL BUDDIES.107

I'm not sure at what time they made it to the peak, but after making it and taking a picture, they turned around and headed for the Trailhead, fueled by, I think it was 6 bags of special trail-mix, getting to their car by 8:00 PM that same day--28 miles. WOW! 106

Photos courtesy of Jake Hirschi

107

See page 75 and for Isaac's also incredible climb, as well as 7 year old Nora's, see Chapter 2, Section 22, Preface."
Hickerson Park Trail No. 022a,minor--eastern,Sheep/Carter Creek Drainages,481,"NOW TO THE DETAILS A mile or so after leaving FR-221, you come to the first two trail signs, seen below:

The sign on the left leads to areas in the Wilderness Area. The one on the right is in the Sheep/Carter Creeks area. As you will notice, access to the areas of our interest, are best from the Spirit Lake area. But to give you a complete picture, I'm showing the signs as we come to them, another of which is found 2 miles further along, seen below, that has us in the zone.

About 4 miles further we come to Spirit Lake and as we drive a mile around the eastern side, we come to another trail sign seen below.

Then, after passing the full-service Forest Service campground, we come to the main Trailhead, seeing just a little further along the gate of the Resort--with lodge, restaurant, cabins and boats for rent, but closed with the FOR SALE sign I showed in Chapter 1."
Highline Trail - Hayden Pass western end,main,Rock Creek Drainage,"5,6,27,41,160,161,162,163,164,165,166,167,168,169,170,171,172,173","Chapter 2: THE HIGH UINTAS WILDERNESS AREA59 The creation of the Wilderness Area in 1984 was reviewed in the INTRODUCTION, page 16.

Section 1 THE HIGHLINE TRAIL This trail, using terminology we have been introduced to already, is—

THE GRANDADDY OF THEM ALL! HOW TO GET HERE: It begins on the Mirror Lake Scenic Byway at Hayden Pass, 34 miles from Kamas, Utah, at an elevation of 10,382 ft. It follows the spine of the Uintas east going over 6 passes in the Wilderness Area: Rocky Sea (11,200 ft.), Deadhorse (11,600 ft.), Red Knob (11,700 ft.), Porcupine (12,256 ft.), Tungsten (11,400 ft.), Anderson (12,600); and three more a bit to the east: North Pole (12,226 ft.), Deadman (11,428 ft.), and Gabbro (11,740). Except briefly, from Deadhorse to Red Knob Passes, we are on the South Slope technically but we'll begin our GUIDE categorizing it as 59

©2018 Google LLC, used with permission. Google and the Google logo are registered trademarks of Google LLC. Highlights, new routes and labels by author

."
"Highline Trail - Leidy Peak, and area",main,Ashley Creek Drainage,"41,102,103,104","We're back to the main road, FR-018 and continue through vast meadow areas 3.3 miles and come to the junction with FR-043, the road to Leidy Peak and Hacking Lake.

We drive the 8 miles up to the junction where a very rough road goes in a short distance to Hacking Lake, but we continue up another mile to the Leidy Peak Highline Trailhead.

Along the way we see where the HIGHLINE TRAIL leaves the road and heads down from above timberline east through 26 miles of forest to reach the end of the trail we have seen near U.S. 191 close to Flaming Gorge. And there's another Trailhead that goes down to Browne Lake--do you recall? -- Where we saw the trail marked going to Leidy Peak, with the Peak in the distance. So we are getting around.

Below we are looking at the trail coming 76 miles from the Highline Trailhead on the Mirror Lake Scenic Byway."
"Highline Trail, eastern end",main,Ashley Creek Drainage,97,"ODOMETER: At the junction of UT-44 and U.S.191, from Kamas, including the Piedmont tour plus the North Slope & Sheep Creek Geological Scenic Backways, plus a loop through Manila and back to here, TOTAL OF = 363 miles. We continue on U.S. 191 and in 6 miles or so we see an almost unnoticeable trailhead sign pointing to the west-- ironically for THE MOST FAMOUS TRAILHEAD IN UTAH.

We drive in about 1/2 mile and find the real beginning--or end, of the HIGHLINE TRAIL that we saw 106 trail miles to the west on the Mirror Lake Scenic Byway. A couple of years ago the Trailhead here had one of the worst trailhead signs in all of the Uintas--but after a bit of lobbying with the Forest Service, some improvement was realized, as you can see below, the 1st photo from the left being the 2016 version, the 2nd as it is presently in 2018, and the 3rd, an enlargement of an addition seen below of the great organization that has taken charge of maintaining the trail, and with some improvement in the sign--even though I'd like this great trail to be dignified a little more, even with a register. Maybe I'll mysteriously do the favor."
Hoop Lake,main,Burnt Fork Drainage,"81,82,274","Chapter 2: THE WILDERNESS AREA--North Slope

Section 13: EAST BEAVER CREEK, HOOP LAKE & TRAILHEADS HOW TO GET HERE: From here on we'll forget the long drive on dirt/gravel, and do most of it on the pavement, 80 miles from SLC to Evanston, Wyoming, then 45 to Mt. View, and on WY-414, 22 more to Lonetree, and here I'll show you with a few photos:

Note: The picture of the store was back a few years when there were still some gas pumps. Keep your eyes open, as on my last trip just over the bridge on the left in the middle picture, I all of a sudden saw just off the road a red fox with the tip of its tail strikingly pure white. From Lonetree, drive 1.7 miles to the Hole in the Rock/Hoop Lake turnoff--now on dirt road--CR-295 that changes at border to FR-078, total of about 7 miles to a fork, the left on FR-078--3.2 miles, past Hole in the Rock, and some magnificent portals (seen on page 78), to Hoop Lake, then right crossing the dam and come to the Trailhead.

Overflow from Hoop Lake goes into the East Fork of Beaver Creek, on which there are no lakes. There are excellent Forest Service Campgrounds, with restrooms, and water available."
Lakefork/Moon Lake,main,Lake Fork Drainage,"343,344,345,346,347,348,349,350,351,352,353,354,355,356,357,358,359,360,361,362,363,364,365,366","Chapter 2: THE WILDERNESS AREA—South Slope

Section 20: The LAKE FORK TRAILHEAD & DRAINAGE140 HOW TO GET HERE: From the Provo, Utah 100 miles to Duchesne, (from Heber on U.S. 40), then north following the signs to Moon Lake--another 32 miles, for a TOTAL of 132 miles from Provo, 146.7 from Salt Lake City. The sign in Duchesne, Uintah Basin, 100 miles from the Wasatch Front.

NOTE: Remember in Duchesne there is a Forest Service Ranger Station, 85 West Main St, where you can get up-to-date information, maps, and other pamphlets and books dealing with the Ashley National Forest on the South Slope (telephone 435-738-2482). The LAKEFORK DRAINAGE, is another of the very large ones typical of the South Slope. It is divided into a number of creeks and their drainages, beginning on the east: Fish, Oweep, Lake Fork, Ottoson, East Basin, and the Brown Duck--drained also by Clements and Atwine Creeks that actually join directly the Lake Fork River that flows into Moon Lake/reservoir. MOON LAKE/Reservoir: Has Rainbow, Cutthroat, Brook, Tiger & Splake trout. I'll group them into a number of options for excellent backpacks."
Ledgefork--The Erickson Basin Trailhead,western,Weber River Drainage,"465,466,467","HOW TO GET HERE: From Kamas, Utah--40 miles east of Salt Lake City, drive north 6 miles on UT-32 to Oakley, then at an intersection in the middle of town, turn east towards SMITH & MOREHOUSE & WEBER CANYON. then at a junction 11 miles up the canyon, turn south leaving the pavement towards the Smith and Morehouse Recreation Area, and drive 3 miles to the Ledgefork Campground and Trailhead-sometimes called the Erickson Basin Trailhead where is found the sign inserted below. Total of 17.2 miles from Kamas, and 57.2 miles from Salt Lake City."
Middle Fork Beaver Creek,main,Beaver Creek Drainage,77,"We make a right hand turn towards West Beaver Creek, and in one mile pass by the West Beaver Creek Trailhead, I've inserted on the previous page, along with a photo of the main area the trail takes you too-- Gilbert Lake and Gilbert Peak. We continue on towards Hole in the Rock, passing by many beaver dams. We are now in a vast northeast area of the Uintas geologists call ""hogbacks"" one of which we get a shadowy glimpse of to the left in the previous photo. I'll insert a better shot of one below.

Below is a good view of a hogback, looking back to the west from the junction of the Middle Beaver Creek Trailhead road. The mileage included next will include the 4 mile roundtrip to the Trailhead, the sign indicating some of the areas the trail will take you to.

From the sign coming out of the Middle Fork road, to the junction of the road coming from Lonetree, and continuing to Hoops Lake, it is 1 mile. This is a good point to insert our mileages:

ODOMETER: At the junction where FR-082 meets FR-078 coming from Lonetree and continuing to Hoop Lake -- NORTH SLOPE = 80 miles, plus the complete Piedmont Tour = 257 miles. From the junction where FR-078 comes from Lonetree and the highway on the north, our North Slope Scenic Backway Tour now continues following FR-078. This is the spot where we can see HOLE IN THE ROCK, with a zoomed-in photo of it shown on the next page."
Middle fork of Blacks Fork,main,Blacks Fork Drainage,"66,202,203,204,205","Chapter 2: THE WILDERNESS AREA--North Slope

Section 6: THE MIDDLE FORK OF BLACKS FORK HOW TO GET HERE: See Section 7 No official trailhead, nor even any kind of sign announcing one of the most incredible drainages in the Uintas. Let me tell you how to find it, showing a few pictures as a guide, and I'll relate one of the impossible to explain experiences--leading to the word….""MIRACLE!""

We are seeing above the bridge over the West Fork of Blacks Fork, with a yellow arrow pointing at a gate in the fence 150 yards from the bridge, which in the middle photo I'm about to go through. Doesn't say where it goes, but believe me it goes 2 miles to what I'm calling unofficially the MIDDLE FORK OF BLACKS FORK TRAILHEAD. With my vehicle, that is 4WD, I make it safely 1 mile then--especially if it has been raining, I park and shoulder my backpack. Less than 1 mile from the barrier--that we'll call THE TRAILHEAD, you come out of the Lodgepole pines and beautiful Middle Fork with its pioneer type fences and beaver dams--with 13,165 ft. Tokewanna Peak in the distances opens up before us."
Mirror Lake,main,Rock Creek Drainage,"403,404,405,406,407,408,409","Chapter 2: THE WILDERNESS AREA—South Slope

Section 23:

THE MIRROR LAKE TRAILHEAD-- ANOTHER GATEWAY to the GRANDADDY BASIN HOW TO GET HERE: From the American Fork Utah 31 miles to Heber, then to Kamas (17), and on Ut-150-The Mirror Lake Scenic Byway, over Bald Mt. Pass and down to Mirror Lake (32), a TOTAL of 80 miles from American Fork, Utah, 72 miles from Salt Lake City.

Mirror Lake as seen from Scout Lake"
Murdock area (no real trailhead),western,Duchesne River Drainage,440,"Chapter 3: THE WESTERN UINTAS

Section 4: THE MURDOCK BASIN, FEHR LAKE TRAILHEAD to MIRROR LAKE OUR OBJECTIVE: We are dealing with the east side of the Mirror Lake Scenic Byway beginning down to the southeast from where we took the Spring Canyon Road on the other side of the highway, and will work our way up to the Murdock Basin, all part of the Duchesne River drainage. Then we'll pick up the lakes along the highway part of the Provo River drainage, then up to and past the Mirror Lake area and on to Hayden Pass, all lakes that are part of the Duchesne River drainage. HOW TO GET HERE: For the Murdock Basin Road about 22 miles from Kamas where you leave the highway and follow the paved road 1 mile northwest to the Murdock Basin Trailhead, a TOTAL of about 23 miles from Kamas, 71 from Provo, and 63 from Salt Lake.

But we'll start even further back down the Mirror Lake Highway at the Soapstone Basin road, about 14 miles from Kamas. IRON MINE (D-33): Access is 7.5 miles southeast of U-150 on the Soapstone Basin and Iron Mine Roads to the main iron Mine Fork and then 2.5 miles south 9,580 ft. elevation, 15.2 acres, 21' deep, , but perhaps not worth the drive as it ""is subject to frequent winterkill ……"" but recently stocked with Brook trout. Managed for brook trout, stocked on a 2 year cycle."
N. Fk. Sheep Ck. Trail No. 023,minor--eastern,Sheep/Carter Creek Drainages,481,"NOW TO THE DETAILS A mile or so after leaving FR-221, you come to the first two trail signs, seen below:

The sign on the left leads to areas in the Wilderness Area. The one on the right is in the Sheep/Carter Creeks area. As you will notice, access to the areas of our interest, are best from the Spirit Lake area. But to give you a complete picture, I'm showing the signs as we come to them, another of which is found 2 miles further along, seen below, that has us in the zone.

About 4 miles further we come to Spirit Lake and as we drive a mile around the eastern side, we come to another trail sign seen below.

Then, after passing the full-service Forest Service campground, we come to the main Trailhead, seeing just a little further along the gate of the Resort--with lodge, restaurant, cabins and boats for rent, but closed with the FOR SALE sign I showed in Chapter 1."
Pass Lake,western,Weber River Drainage,"447,448,449,450,451","Chapter 3: THE WESTERN UINTAS

Section 5: PASS LAKE & TRAILHEAD

HOW TO GET HERE: From Kamas, Utah follow the Mirror Lake Scenic Byway over Bald Mountain Pass, and down past Mirror Lake, continuing 1/2 mile down to a big turn as the highway goes up east past the Lake, a total of 32.4 miles from Kamas.

PASS LAKE (Z-5): A popular lake for day fishermen with no campground, but areas are available for what the DWR calls ""primitive camping and off-road parking,"" at 9,940 ft. elevation, 4.5 acres, 10' deep with stocked rainbow, albino, brook and Tiger trout, as well as Grayling.

Now the TRAILHEAD

Below are the trail signs at the trailhead. We will now examine the details for all the lakes that can be accessed from this trailhead beginning with the LOFTY LAKE LOOP, that includes three lakes: SCOUT, LOFTY and KAMAS LAKES, plus one mentioned on the topographical map, but not in the DWR pamphlet, Picturesque Lake.

PICTURESQUE LAKE ….no details in the DWR pamphlet. The topographical map has it just east of the trail as you climb up to Scout Lake. The DWR can find no records of this lake."
Rock Creek,main,Rock Creek Drainage,"130,375,376,377,378,379,380,381,382,383,384,385","Chapter 2: THE WILDERNESS AREA—South Slope

Section 21: The ROCK CREEK DRAINAGE & TRAILHEAD HOW TO GET HERE:

From the Provo, Utah 100 miles to Duchesne, (from Heber on U.S. 40), then follow the signs to Mt. Home--18.6 miles, then another 23 miles to the Trailhead, for a TOTAL of 142 miles from Provo, 156 miles from Salt Lake City."
Shingle Creek,western,Provo River Drainage,417,"and Big Elk lakes."" Not horse friendly. 10,020 ft. elevation, 30 acres, 85' deep, but fluctuates as it is also a

reservoir with a dam. Has Brook, Cutthroat and Tiger trout, with heavy pressure.

LOWER SHINGLE CREEK (P-62): Accessed by proceeding east 1.5 miles from the Upper Setting Trailhead over steep terrain. Also accessed from the Shingle Creek Trailhead, 4.5 miles to a large meadow and then east for 3/4 mile, horse access difficult, 9,620 ft. elevation, 4 acres, 14' deep, has brook trout with moderate pressure.

LAKES ACCESSED VIA THE SHINGLE CREEK TRAILHEAD:

All the lakes mentioned in the previous paragraphs, accessed from the Upper Setting Road trailhead, can be accessed from the Single Creek Trailhead, but the 5+ mile hike from here to there can be avoided by driving the 7 miles up that road, but they are accessible from here. We'll now go on the highway 0.8 of a mile to another road that takes us way up the mountain before we have to begin hiking. LAKES ACCESSED VIA THE NORWAY FLATS ROAD: As you can see on the topographical maps, once again this dirt/gravel road will take you about 7 miles up to its end, near which are a number of lakes that follow, along with the trail to Big Elk, and the Erickson lakes which have already been mentioned. NOTE: You might have noticed already that lakes"
Spirit Lake area,main,Burnt Fork Drainage,"84,85,86,282,283","Chapter 2: THE WILDERNESS AREA--North Slope

Section 15:

The SPIRIT LAKE TRAILHEAD: Burnt Fork Drainage NOTE: Since our Chapter 2 deals only with the WILDERNESS AREA, this section will only cover the Burnt Fork Drainage, including the Island Lake area already explained, as it can be accessed from Spirit Lake. For the Sheep Creek Drainage we will revisit the Spirit Lake Trailheads in Chapter 4: THE EASTERN UINTAS. HOW TO GET HERE: You can get here following the instructions to get to the Beaver Meadows Reservoir, Total of 173 miles from SLC, then driving 5 miles on FR-058 to the junction with FR-221 you follow for 2.7 miles to the Spirit Lake Road--FR-01, then 9 miles to the Spirit Lake Area, for a TOTAL OF 190 miles from SLC. Let's see if we can't get there less painfully: From SLC 147 to Lonetree, than on WY-414, 12 miles to Nila's Store, then 11 miles up the Spirit Lake Byway to the Spirit Lake road, FR-01, and 9 more to Spirit Lake, for a TOTAL of 180 miles, 10 less overall, but 26 miles less on dirt/gravel."
Spirit-Tamarack Trail No. 024,minor--eastern,Sheep/Carter Creek Drainages,"481,482","NOW TO THE DETAILS A mile or so after leaving FR-221, you come to the first two trail signs, seen below:

The sign on the left leads to areas in the Wilderness Area. The one on the right is in the Sheep/Carter Creeks area. As you will notice, access to the areas of our interest, are best from the Spirit Lake area. But to give you a complete picture, I'm showing the signs as we come to them, another of which is found 2 miles further along, seen below, that has us in the zone.

About 4 miles further we come to Spirit Lake and as we drive a mile around the eastern side, we come to another trail sign seen below.

Then, after passing the full-service Forest Service campground, we come to the main Trailhead, seeing just a little further along the gate of the Resort--with lodge, restaurant, cabins and boats for rent, but closed with the FOR SALE sign I showed in Chapter 1."
Swift Creek,main,Swift Creek Drainage,"123,325,326,327,328,329,330,331","Section 18:

The YELLOWSTONE & SWIFT CREEK DRAINAGES and SWIFT CREEK TRAILHEAD HOW TO GET HERE: From the Wasatch Front, 100 miles to Duchesne, (from Heber on U.S. 40) then north following the signs towards Yellowstone Canyon (29 miles) on the Road to Moon Lake, but at the sign turning east on the dirt-gravel road and continue to Yellowstone Canyon, and the Swift Creek Trailhead. TOTAL of 129 miles.

OPTIONS FOR CLIMBING KINGS PEAK OPTION 1: Henrys Fork Trailhead on the North Slope……………………..……….…..…....15 miles (30) OPTION 2: Swift Creek Trailhead via Yellowstone Canyon…………………………..….. 18 miles (36) OPTION 3: Swift Ck. TH via Swift Ck., Bluebell Pass, Yellowstone Canyon…..22 miles.(44) OPTION 4: Uinta River TH via Atwood Trail, Trail Rider Pass…………………………..25 miles(50)

THE SWIFT CREEK DRAINAGE The first lake, actually in the Yellowstone Creek Drainage, as its outlet stream goes into the Yellowstone, will be accessed before the Trailhead about 1/2 mile at the well marked Grants Spring on the right side of the road. LILY (S-15) or on the NG Wilderness Map, WATER LILY LAKE: A very nice lake surrounded by pines and quaking aspen trees. Access is via a steep, well-defined trail that goes 1 mile to the lake with 1,250 feet of elevation gain. 9,346 ft. elevation, 20 acres, 39' deep. No horse feed at the lake. Stocked brook trout, heavily fished."
"Uinta (River, Canyon)",main,Uinta River Drainage,"119,288,289,290,291,292,293,294,295,296,297,298,299,300,301,302,303,304,305,306,307","Chapter 2: THE WILDERNESS AREA—South Slope

Section 16:"
Weber River: #2 Ledgefork,main,Weber River Drainage,151,"From Oakley we drive 11.7 miles to the sign we see below, and there turn right. We'll be back to this junction in a bit.

We drive 2.1 miles along a very nice stream, and then come to Smith & Morehouse Reservoir

We drive along Smith & Morehouse Reservoir and note shore fishermen, and others from boats, and recall this is one of the many places where you can now catch arctic grayling. From the dam we drive 2.2 miles and come to the Campground and then the Trailhead, noting that this trail leads up into the high country to places along the Mirror Lake Scenic Byway, like the Crystal Lake Trailhead, etc. In Chapter 3, Sections 7 and 8, I will give more details and include some Historical Notes about gold in the Uintas in this area.

From Oakley we've driven 22 miles to here. We'll now go back down to the Junction, and drive 8.7 miles up to the Gardner Trailhead. There are other minor trailheads, I'll describe in Chapter 3. 151"
Weber River: #3 Gardner's Fork,main,Weber River Drainage,152,"We have now backtracked 20 miles to Oakley, and will begin our last segment.

COALVILLE & ""THE BEST LITTLE MUSEUM IN UTAH"" We get back on UT-32, and parallel the course of the Weber River to Rockport Reservoir, with its State Park, and all kinds of camping and recreation facilities. After Rockport we can get on I-80, or continue on UT-32 going through Hoytsville and on to Coalville, 18.4 miles from Oakley, and drive down the main street until coming to the Courthouse--and have finished our driving of the Auto Loop Tour of the Uintas. You will notice in the vicinity of the Courthouse, many displays of historical significance that are all worthwhile, like……this beautiful mural:

But our main interest is to meet NaVee, and see the unique museum she has created. Her MUSEUM can quite easily be missed, so best go in the Courthouse up a couple of floors and find the Historical Director, and she will be more than happy to take you back 152"
West Beaver Creek,main,Beaver Creek Drainage,77,"We make a right hand turn towards West Beaver Creek, and in one mile pass by the West Beaver Creek Trailhead, I've inserted on the previous page, along with a photo of the main area the trail takes you too-- Gilbert Lake and Gilbert Peak. We continue on towards Hole in the Rock, passing by many beaver dams. We are now in a vast northeast area of the Uintas geologists call ""hogbacks"" one of which we get a shadowy glimpse of to the left in the previous photo. I'll insert a better shot of one below.

Below is a good view of a hogback, looking back to the west from the junction of the Middle Beaver Creek Trailhead road. The mileage included next will include the 4 mile roundtrip to the Trailhead, the sign indicating some of the areas the trail will take you to.

From the sign coming out of the Middle Fork road, to the junction of the road coming from Lonetree, and continuing to Hoops Lake, it is 1 mile. This is a good point to insert our mileages:

ODOMETER: At the junction where FR-082 meets FR-078 coming from Lonetree and continuing to Hoop Lake -- NORTH SLOPE = 80 miles, plus the complete Piedmont Tour = 257 miles. From the junction where FR-078 comes from Lonetree and the highway on the north, our North Slope Scenic Backway Tour now continues following FR-078. This is the spot where we can see HOLE IN THE ROCK, with a zoomed-in photo of it shown on the next page."
West Fork Whiterocks River,main,White Rocks Drainage,"112,113","As you climb up out of the Uintah Basin, you will see a nice display well worth your time, concerning the ever present danger of forest fires and its effect on the environment. You will later see in person areas devastated by fires and how they are recovering.

As you see on the map, we will at one point leave the Elkhorn Loop Road, and continue up to Chepeta Lake, but then return to continue on the Loop until getting to the Uinta River Canyon. We soon get up into the forest and are warned about the TIMBER OPERATIONS….so be careful always.

We again are on a wonderful road that will take us right up to near timberline at Chepeta Lake, where once again we cross the Highline Trail. At 14.2 miles after leaving the pavement, we come to a junction where the ELKHORN LOOP ROAD turns west to Pole Creek. Here we will take the important side-trip up into the high country at Chepeta Lake. After our side-trip we will return to the Elkhorn Loop Road, but we've got to see the high country in this wonderful drainage which is east of the Wilderness Area but with important Wilderness trails.

Five miles further we come to the sign to the West Fork Trailhead, the picture below actually taken when I was coming down."
West Fork of Blacks Fork,main,Blacks Fork Drainage,"63,64,198,199","Chapter 2: THE WILDERNESS AREA--North Slope

Section 5: THE WEST FORK OF BLACKS FORK HOW TO GET HERE: From Kamas, on UT-150 to the North Fork Road (FR-058), then east 18 miles to the junction. TOTAL FROM Kamas = 68 miles, from SLC=108 miles. From Evanston, Wyo., east on I-80 to Ft. Bridger, east and south to Mt. View--total of 45 miles, then 9 miles on CR-410 to Robertson and end of pavement, turning south on CR-271 to Ut. border, then on FR058 to junction (24 miles from Robertson) with E. Fk. Blacks Fk. road, FR-065. Then 2 miles to the west. Total via Evanston=84 miles. From SLC 80 to Evanston + 80 miles to junction. TOTAL OF 160."
West Fork of Smiths Fork,main,Smiths Fork Drainage,232,"Chapter 2: THE WILDERNESS AREA- North Slope

Section 9: WEST FORK OF SMITHS FORK ***********************

PREFACE THE STEEL CREEK COMMISARY GHOST - THE TIE HACKERS - HEWINTA GUARD STATION This West Fork of Smiths Fork area has been mentioned in reference to the tie hackers, with nearby SUICIDE PARK, then on the side road, FR-209, THE STEELE CREEK COMMISARY GHOST TOWN, then 1/2 mile to the HEWINTA GUARD STATION--cabin built by the tie hackers in 1928, and then another 1/2 mile the WEST FORK OF SMITHS FORK TRAILHEAD--which interestingly is not listed anywhere as a trailhead--not in any guide book, nor National Geographic Wilderness Map, nor Forest Service Wilderness Map-so, here's another of many FIRSTS FOR THIS BOOK. You've already noticed that I've already sort of invented several that don't exist officially, like ""The Hell's Hole Trailhead,"" and the ""Middle Fork of Blacks Fork Trailhead."" So, you might expect again that I don't know what I'm talking about, but LOOK WHAT'S IN THIS FAIRLY ISOLATED SPOT!

There's even an old mailbox with a register inside--that not even the eastern end of the Highline Trail has."
West Fork of Whiterocks River,eastern,White Rocks Drainage,502,"We now return to FR-117 and continue up the canyon about 3 miles and at the sign--WEST FORK TRAILHEAD--turn to the left and drive about 0.6 mile to the trailhead we see below.

From this very nice trailhead--by far the best in the drainage, complete with everything you need including corals for horses and more. From here we can access at least 15 lakes, but I'm recalling that I promised to tell you about one of my adventures when we got to this area. I joke about it as my:

It was in 2016 when I came here with the specific intention of completing my record of climbing all of the 22 passes in the Wilderness Area. From here I wanted to bag 11,360 ft. Fox-Queant Pass, and 12,226 foot North Pole Pass. It was actually my first experience backpacking in the Eastern Uintas, as over the years I had focused mainly on the High Uintas Wilderness Area. I first noticed what seemed like more use of horses. Second, almost everybody was armed with pistols and revolvers, one with a powerful .454 Casull Taurus Raging Bull revolver. His concern wasn't bears as was the case with most, but rather with cougars. I haven't heard of such attacks, so I'm not sure how justified they were, but who knows? I guess carrying makes us all feel like badasses! At Cleveland Lake I had some good fishing, and got a shot or two of bull moose feeding in the lake."
Yellow Pine,western,Weber River Drainage,415,"NOW THE WEBER RIVER DRAINAGE The Weber River is a large drainage system on the western extremity of the Uinta Mountains. There are 59 natural lakes and 80+ ponds of less than 2 acres. Eleven of these lakes have been enlarged by dam construction for water storage purposes. Access is provided by Highway 213 east of Oakley and Highway U-150 east of Kamas, Utah. Starting points along Highway 213 include the Erickson Basin Trailhead in the vicinity of the Ledgefork Campground. Other trails originate from Holiday Park but it is on private property and the Forest Service right-of-way road has no trailhead development or parking. NOTE: We will deal with the Trailheads on the Weber River after we examine first those along the Mirror Lake Highway. The major access points to the Weber Drainage are scattered along UT-150 and include the Upper Setting Trailhead, the Crystal lake Trailhead, the Bald Mountain Trailhead, and the Weber River Trail near Pass Lake. Trails originating at these points drop over the top into the major headwater regions of the Weber Basin. Some of the more inaccessible lakes in the Uinta Mountains lie within this drainage. Forest Service trails are not well developed or maintained with the exception of the Notch Mountain Loop Trail, the Lofty Lake Loop Trail, the Smith-Morehouse Trail, and the Yellow Pine Trail. Several trail systems, particularly in the Middle fork are no longer in existence due to light foot and horse traffic. Self-sustaining populations of Arcti"
